{
  "null": {
    "A1": 0.0,
    "A2": 0.0,
    "A3": 0.0,
    "Aerr": [
      NaN,
      NaN,
      NaN
    ],
    "chi2": 2.6163800286291598e-14,
    "bic": -27814.78277813641,
    "rms_resid": 5.978536323045309e-09
  },
  "nga": {
    "A1": 3.4760946933358496e-10,
    "A2": 1.0418597428247619e-08,
    "A3": 4.4018200363828686e-11,
    "Aerr": [
      6.042865214639215e-11,
      6.042865214639215e-11,
      6.042865214639215e-11
    ],
    "chi2": 6.548818895211882e-16,
    "bic": -30525.225496520376,
    "rms_resid": 9.4585801791615e-10,
    "r_norm": [
      45.68648355119313,
      45.70214040178518,
      45.71779711050834,
      45.73345367754756,
      45.749110103085606,
      45.76476638730175,
      45.78042253037073,
      45.79607853246205,
      45.81173439373941,
      45.827390114360526,
      45.843045694477,
      45.858701134234494,
      45.874356433773066,
      45.89001159322739,
      45.90566661272727,
      45.921321492398015,
      45.93697623236083,
      45.95263083273323,
      45.96828529362945,
      45.983939615160686,
      45.99959379743543,
      46.01524784055977,
      46.030901744637504,
      46.04655550977042,
      46.06220913605838,
      46.07786262359955,
      46.09351597249042,
      46.109169182825916,
      46.1248222546995,
      46.14047518820321,
      46.15612798342773,
      46.1717806404624,
      46.18743315939527,
      46.20308554031311,
      46.21873778330147,
      46.234389888444646,
      46.250041855825714,
      46.26569368552655,
      46.2813453776278,
      46.29699693220895,
      46.312648349348265,
      46.32829962912283,
      46.343950771608526,
      46.35960177688005,
      46.375252645010896,
      46.39090337607338,
      46.4065539701386,
      46.422204427276476,
      46.43785474755568,
      46.45350493104373,
      46.46915497780688,
      46.48480488791019,
      46.50045466141746,
      46.51610429839127,
      46.53175379889293,
      46.54740316298252,
      46.56305239071883,
      46.57870148215937,
      46.59435043736036,
      46.60999925637673,
      46.62564793926213,
      46.64129648606884,
      46.6569448968479,
      46.672593171649,
      46.68824131052059,
      46.70388931350985,
      46.71953718066274,
      46.7351849120241,
      46.75083250763769,
      46.76647996754633,
      46.7821272917921,
      46.79777448041647,
      46.81342153346063,
      46.82906845096576,
      46.844715232973456,
      46.86036187952625,
      46.876008390668076,
      46.89165476644498,
      46.90730100690573,
      46.92294711210268,
      46.93859308209246,
      46.95423891693667,
      46.969884616702544,
      46.98553018146347,
      47.00117561129916,
      47.016820906295656,
      47.032466066545055,
      47.04811109214475,
      47.0637559831965,
      47.07940073980529,
      47.095045362077855,
      47.110689850121396,
      47.12633420404212,
      47.141978423944174,
      47.15762250992855,
      47.17326646209241,
      47.18891028052865,
      47.20455396532568,
      47.22019751656739,
      47.235840934333375,
      47.251484218699204,
      47.26712736973684,
      47.28277038751502,
      47.29841327209977,
      47.31405602355481,
      47.329698641941945,
      47.345341127321504,
      47.36098347975267,
      47.3766256992938,
      47.39226778600266,
      47.40790973993675,
      47.42355156115341,
      47.439193249710044,
      47.45483480566425,
      47.470476229074,
      47.48611751999769,
      47.501758678494184,
      47.51739970462297,
      47.533040598444195,
      47.54868136001869,
      47.56432198940803,
      47.579962486674546,
      47.59560285188135,
      47.611243085092404,
      47.62688318637244,
      47.642523155787046,
      47.65816299340264,
      47.67380269928648,
      47.68944227350668,
      47.70508171613216,
      47.720721027232685,
      47.73636020687882,
      47.75199925514196,
      47.76763817209429,
      47.78327695780878,
      47.79891561235916,
      47.814554135819925,
      47.83019252826626,
      47.845830789774084,
      47.86146892041998,
      47.877106920281186,
      47.892744789435575,
      47.90838252796159,
      47.92402013593825,
      47.939657613445114,
      47.95529496056221,
      47.970932177370024,
      47.986569263949484,
      48.0022062203819,
      48.017843046748936,
      48.03347974313259,
      48.04911630961516,
      48.064752746279225,
      48.08038905320769,
      48.09602523048373,
      48.11166127819085,
      48.12729719641294,
      48.14293298523437,
      48.15856864474009,
      48.17420417501581,
      48.18983957614823,
      48.20547484822534,
      48.22110999133675,
      48.236745005574136,
      48.25237989103179,
      48.26801464780714,
      48.283649276001526,
      48.29928377572076,
      48.31491814707593,
      48.330552390184074,
      48.34618650516872,
      48.36182049216031,
      48.377454351296436,
      48.39308808272175,
      48.40872168658756,
      48.424355163051075,
      48.43998851227443,
      48.45562173442343,
      48.47125482966611,
      48.486887798171296,
      48.50252064010723,
      48.51815335564027,
      48.53378594493397,
      48.549418408148256,
      48.56505074543888,
      48.58068295695727,
      48.596315042850435,
      48.611947003261086,
      48.62757883832789,
      48.64321054818586,
      48.65884213296669,
      48.67447359279912,
      48.690104927809415,
      48.70573613812169,
      48.721367223858195,
      48.73699818513972,
      48.752629022085735,
      48.768259734814755,
      48.7838903234444,
      48.79952078809163,
      48.815151128872806,
      48.830781345903866,
      48.84641143930033,
      48.8620414091774,
      48.877671255649986,
      48.89330097883274,
      48.90893057884005,
      48.92456005578608,
      48.94018940978471,
      48.95581864094959,
      48.97144774939405,
      48.987076735231156,
      49.002705598573634,
      49.01833433953385,
      49.03396295822376,
      49.04959145475494,
      49.06521982923845,
      49.08084808178491,
      49.09647621250437,
      49.1121042215063,
      49.12773210889957,
      49.143359874792374,
      49.15898751929222,
      49.17461504250587,
      49.19024244453927,
      49.205869725497564,
      49.22149688548498,
      49.237123924604866,
      49.25275084295955,
      49.26837764065036,
      49.284004317777544,
      49.299630874440275,
      49.315257310736506,
      49.33088362676301,
      49.3465098226153,
      49.36213589838757,
      49.3777618541727,
      49.39338769006215,
      49.409013406145995,
      49.424639002512876,
      49.44026447924994,
      49.4558898364429,
      49.471515074176,
      49.48714019253208,
      49.50276519159261
    ]
  },
  "orientation": {
    "theta_ecl_deg": 90.24193655240654,
    "theta_jup_deg": 90.28522013484847,
    "Cphi": -0.004600293379155771
  }
}