{
  "null": {
    "A1": 0.0,
    "A2": 0.0,
    "A3": 0.0,
    "Aerr": [
      NaN,
      NaN,
      NaN
    ],
    "chi2": 8.6920661255113e-12,
    "bic": -23547.527744025636,
    "rms_resid": 1.0896975394708691e-07
  },
  "nga": {
    "A1": -7.26775817834557e-08,
    "A2": -2.742469469859226e-08,
    "A3": 5.179186091003214e-09,
    "Aerr": [
      6.326213407369644e-09,
      6.326213407369644e-09,
      6.326213407369644e-09
    ],
    "chi2": 7.177361849395134e-12,
    "bic": -23688.264650926827,
    "rms_resid": 9.902090253334365e-08,
    "r_norm": [
      8.481353732873865,
      8.447426565091016,
      8.41350001131642,
      8.379574095706857,
      8.34564884294016,
      8.31172427822832,
      8.277800427331194,
      8.24387731657067,
      8.20995497284536,
      8.176033423645565,
      8.142112697068624,
      8.108192821834493,
      8.074273827301592,
      8.040355743482937,
      8.006438601062522,
      7.972522431412025,
      7.938607266607839,
      7.904693139448463,
      7.870780083472304,
      7.836868132975893,
      7.802957323032581,
      7.7690476895117015,
      7.735139269098265,
      7.7012320993131915,
      7.6673262185341065,
      7.633421666016722,
      7.599518481916847,
      7.565616707313005,
      7.531716384229739,
      7.497817555661577,
      7.4639202655977,
      7.430024559047347,
      7.396130482065959,
      7.362238081782113,
      7.328347406425235,
      7.294458505354155,
      7.260571429086516,
      7.226686229329063,
      7.192802959008835,
      7.158921672305317,
      7.125042424683551,
      7.09116527292827,
      7.057290275179058,
      7.023417490966599,
      6.989546981250045,
      6.955678808455519,
      6.921813036515842,
      6.887949730911466,
      6.854088958712707,
      6.820230788623307,
      6.7863752910253465,
      6.752522538025609,
      6.718672603503393,
      6.6848255631598725,
      6.650981494569027,
      6.617140477230223,
      6.583302592622493,
      6.549467924260572,
      6.5156365577527895,
      6.481808580860833,
      6.447984083561502,
      6.414163158110494,
      6.3803458991083355,
      6.346532403568495,
      6.312722770987797,
      6.27891710341921,
      6.2451155055470995,
      6.21131808476505,
      6.177524951256347,
      6.1437362180771915,
      6.109952001242824,
      6.076172419816578,
      6.042397596002025,
      6.008627655238312,
      5.9748627262987775,
      5.941102941392993,
      5.907348436272312,
      5.873599350339071,
      5.83985582675952,
      5.806118012580658,
      5.772386058851071,
      5.738660120745948,
      5.704940357696439,
      5.671226933523578,
      5.637520016577007,
      5.6038197798787674,
      5.570126401272519,
      5.5364400635784605,
      5.502760954754354,
      5.469089268062972,
      5.4354252022462965,
      5.401768961706771,
      5.368120756695856,
      5.334480803510154,
      5.300849324695294,
      5.2672265492578685,
      5.2336127128856,
      5.200008058176087,
      5.166412834874408,
      5.132827300119958,
      5.099251718702902,
      5.06568636333071,
      5.0321315149052195,
      4.998587462810748,
      4.965054505213752,
      4.931532949374647,
      4.898023111972321,
      4.86452531944198,
      4.831039908326958,
      4.797567225645184,
      4.764107629270968,
      4.730661488332881,
      4.697229183628487,
      4.6638111080567235,
      4.630407667068824,
      4.597019279138646,
      4.56364637625335,
      4.53028940442545,
      4.496948824227268,
      4.463625111348888,
      4.4303187571807925,
      4.3970302694224,
      4.363760172717801,
      4.330509009320054,
      4.297277339785491,
      4.264065743699544,
      4.2308748204357185,
      4.197705189949379,
      4.164557493608168,
      4.131432395060929,
      4.098330581147135,
      4.065252762848954,
      4.0321996762881405,
      3.9991720837701568,
      3.966170774877975,
      3.9331965676182246,
      3.9002503096224532,
      3.867332879406445,
      3.8344451876907195,
      3.801588178785489,
      3.7687628320435764,
      3.7359701633849594,
      3.703211226896841,
      3.670487116513372,
      3.6377989677793816,
      3.605147959702728,
      3.5725353167001397,
      3.5399623106417115,
      3.507430262999511,
      3.4749405471060575,
      3.4424945905287765,
      3.410093877566869,
      3.3777399518774165,
      3.3454344192379066,
      3.313178950452788,
      3.280975284412076,
      3.248825231310463,
      3.216730676035874,
      3.1846935817368696,
      3.152715993578799,
      3.120800042699136,
      3.0889479503729493,
      3.057162032400031,
      3.025444703725752,
      2.9937984833082876,
      2.9622259992454874,
      2.9307299941751856,
      2.899313330963417,
      2.867978998695555,
      2.836730118986002,
      2.8055699526226157,
      2.7745019065626257,
      2.7435295412972827,
      2.7126565786029277,
      2.681886909696543,
      2.6512246038140774,
      2.620673917229973,
      2.5902393027362693,
      2.55992541959944,
      2.529737144012638,
      2.499679580060376,
      2.46975807121165,
      2.439978212356196,
      2.4103458623968677,
      2.380867157408899,
      2.3515485243740817,
      2.3223966954944664,
      2.2934187230859955,
      2.264621995047432,
      2.2360142508938248,
      2.2076035983365365,
      2.179398530383253,
      2.1514079429213573,
      2.123641152736318,
      2.0961079159031404,
      2.068818446473296,
      2.0417834353615802,
      2.015014069316966,
      1.9885220498383906,
      1.962319611870459,
      1.9364195420850012,
      1.9108351965222858,
      1.8855805173302382,
      1.8606700483014265,
      1.8361189488658414,
      1.811943006152917,
      1.7881586446893347,
      1.7647829332507419,
      1.7418335883374694,
      1.719328973700426,
      1.6972880953090002,
      1.675730591124124,
      1.6546767149760788,
      1.6341473137193445,
      1.6141637967924447,
      1.594748097475652,
      1.5759226252677472,
      1.5577102087383556,
      1.5401340281789382,
      1.5232175374839714,
      1.506984374861959,
      1.4914582621623738,
      1.4766628928181873,
      1.4626218086533196,
      1.4493582660909128,
      1.4368950926177362,
      1.425254534704883,
      1.4144580987450484,
      1.4045263869289633,
      1.3954789303324708,
      1.3873340218035928,
      1.3801085515069964,
      1.373817848182597,
      1.3684755292881094,
      1.3640933632072962,
      1.3606811466058168,
      1.3582465997998716,
      1.356795282670568,
      1.3563305332174183,
      1.3568534303128459,
      1.358362781617376,
      1.3608551369687216,
      1.3643248268967723,
      1.3687640252713975,
      1.3741628344907224
    ]
  },
  "orientation": {
    "theta_ecl_deg": 86.18553188264936,
    "theta_jup_deg": 87.40192799811537,
    "Cphi": 0.05592761611618462
  }
}