{
  "null": {
    "A1": 0.0,
    "A2": 0.0,
    "A3": 0.0,
    "Aerr": [
      NaN,
      NaN,
      NaN
    ],
    "chi2": 2.529179050790708e-14,
    "bic": -27839.697021464322,
    "rms_resid": 5.878063148429272e-09
  },
  "nga": {
    "A1": -1.355341710527974e-10,
    "A2": -9.9906133700846e-09,
    "A3": 1.4494083177710358e-10,
    "Aerr": [
      6.048868286903327e-11,
      6.048868286903327e-11,
      6.048868286903327e-11
    ],
    "chi2": 6.56183674643034e-16,
    "bic": -30523.765901508275,
    "rms_resid": 9.467976473520978e-10,
    "r_norm": [
      37.73149525536062,
      37.750503223554084,
      37.769511041921355,
      37.78851871055157,
      37.80752622952639,
      37.82653359892072,
      37.84554081880367,
      37.86454788923969,
      37.883554810289624,
      37.902561582011806,
      37.92156820446304,
      37.9405746776994,
      37.959581001776996,
      37.97858717675252,
      37.997593202683596,
      38.01659907962919,
      38.03560480764973,
      38.0546103868073,
      38.073615817165624,
      38.09262109879011,
      38.111626231747834,
      38.13063121610748,
      38.14963605193925,
      38.16864073931482,
      38.18764527830724,
      38.20664966899088,
      38.22565391144131,
      38.244658005735296,
      38.26366195195067,
      38.28266575016629,
      38.30166940046201,
      38.32067290291864,
      38.33967625761784,
      38.35867946464215,
      38.377682524074956,
      38.39668543600042,
      38.41568820050353,
      38.43469081767005,
      38.453693287586475,
      38.472695610340125,
      38.49169778601901,
      38.51069981471198,
      38.529701696508575,
      38.54870343149916,
      38.567705019774884,
      38.58670646142768,
      38.60570775655028,
      38.624708905236275,
      38.64370990758012,
      38.66271076367711,
      38.68171147362348,
      38.700712037516375,
      38.719712455453944,
      38.73871272753533,
      38.7577128538607,
      38.776712834531395,
      38.79571266964985,
      38.81471235931974,
      38.83371190364604,
      38.85271130273505,
      38.87171055669456,
      38.89070966563386,
      38.90970862966393,
      38.92870744889748,
      38.94770612344912,
      38.966704653435514,
      38.98570303897552,
      39.004701280190375,
      39.023699377203826,
      39.0426973301424,
      39.061695139135566,
      39.08069280431592,
      39.099690325819445,
      39.11868770378559,
      39.137684938357495,
      39.15668202968203,
      39.175678977909854,
      39.194675783195294,
      39.213672445696155,
      39.23266896557335,
      39.25166534299037,
      39.27066157811252,
      39.28965767110604,
      39.308653622137,
      39.32764943137006,
      39.34664509896731,
      39.36564062508688,
      39.38463600988198,
      39.40363125349996,
      39.42262635608168,
      39.44162131776139,
      39.4606161386668,
      39.47961081891951,
      39.49860535863582,
      39.51759975792761,
      39.536594016903415,
      39.55558813566945,
      39.57458211433069,
      39.593575952991735,
      39.61256965175766,
      39.63156321073462,
      39.650556630030415,
      39.66954990975481,
      39.68854305001981,
      39.70753605093984,
      39.72652891263175,
      39.74552163521489,
      39.76451421881104,
      39.78350666354434,
      39.80249896954117,
      39.82149113693005,
      39.840483165841505,
      39.859475056407966,
      39.8784668087636,
      39.89745842304419,
      39.916449899387054,
      39.93544123793086,
      39.95443243881559,
      39.97342350218237,
      39.992414428173454,
      40.01140521693207,
      40.030395868602305,
      40.04938638332914,
      40.06837676125828,
      40.08736700253611,
      40.10635710730964,
      40.1253470757265,
      40.14433690793475,
      40.163326604082975,
      40.18231616432016,
      40.201305588795634,
      40.2202948776591,
      40.23928403106054,
      40.258273049150176,
      40.277261932078524,
      40.296250679996255,
      40.31523929305423,
      40.33422777140349,
      40.35321611519521,
      40.37220432458071,
      40.391192399711436,
      40.41018034073896,
      40.42916814781498,
      40.44815582109134,
      40.46714336072002,
      40.48613076685318,
      40.505118039643186,
      40.52410517924266,
      40.54309218580448,
      40.5620790594819,
      40.581065800428625,
      40.6000524087988,
      40.61903888474721,
      40.638025228429356,
      40.6570114400016,
      40.67599751962125,
      40.69498346744678,
      40.713969283637994,
      40.732954968356104,
      40.75194052176404,
      40.77092594402653,
      40.789911235310306,
      40.80889639578416,
      40.82788142561906,
      40.84686632498814,
      40.86585109406659,
      40.88483573303138,
      40.90382024206096,
      40.922804621334635,
      40.941788871031804,
      40.96077299133107,
      40.97975698240912,
      40.99874084443946,
      41.01772457759118,
      41.03670818202771,
      41.055691657905705,
      41.07467500537414,
      41.09365822457377,
      41.11264131563691,
      41.131624278687454,
      41.15060711384153,
      41.16958982120812,
      41.18857240088999,
      41.20755485298479,
      41.226537177586124,
      41.245519374784514,
      41.264501444668404,
      41.2834833873249,
      41.30246520284045,
      41.3214468913014,
      41.34042845279429,
      41.35940988740621,
      41.37839119522489,
      41.397372376338865,
      41.41635343083738,
      41.43533435881051,
      41.454315160349,
      41.47329583554417,
      41.49227638448792,
      41.51125680727256,
      41.530237103990665,
      41.54921727473504,
      41.56819731959864,
      41.587177238674386,
      41.60615703205514,
      41.62513669983362,
      41.64411624210231,
      41.663095658953395,
      41.68207495047874,
      41.70105411676982,
      41.72003315791762,
      41.739012074012685,
      41.757990865145054,
      41.77696953140425,
      41.7959480728792,
      41.814926489658305,
      41.833904781829354,
      41.85288294947961,
      41.871860992695694,
      41.89083891156371,
      41.909816706169124,
      41.92879437659691,
      41.94777192293146,
      41.96674934525664,
      41.98572664365582,
      42.0047038182119,
      42.02368086900733,
      42.04265779612417,
      42.06163459964405,
      42.08061127964835,
      42.099587836218156,
      42.1185642694343,
      42.13754057937753,
      42.15651676612849,
      42.17549282976779,
      42.194468770376176,
      42.213444588034555,
      42.23242028282415,
      42.25139585482661,
      42.27037130412411,
      42.28934663079953,
      42.30832183493662,
      42.327296916620206,
      42.34627187593629,
      42.36524671297234
    ]
  },
  "orientation": {
    "theta_ecl_deg": 89.16890473436477,
    "theta_jup_deg": 89.18675148635981,
    "Cphi": 0.014349113865103777
  }
}