{
  "object": "2I",
  "mean_abs_A": 1.3218297521838783e-08,
  "theta_ecl_deg": 89.16890473436477,
  "orientation_metrics": {
    "theta_ecl_deg": 89.16890473436477,
    "theta_jup_deg": 89.18675148635981,
    "Cphi": 0.014349113865103777
  },
  "rayleigh_R": 0.7926759388463813,
  "rayleigh_p": 4.943235839010415e-219,
  "f_radial": 0.8532547419837252,
  "bic_table": [
    {
      "model": "NGA",
      "bic": -30523.765901508275,
      "delta_bic": 0.0,
      "weight": 1.0,
      "evidence": "weak",
      "delta_bic_pos": 2684.068880043953,
      "delta_bic_log": 3.4289554311302872
    },
    {
      "model": "gravity_only",
      "bic": -27839.697021464322,
      "delta_bic": 2684.068880043953,
      "weight": 0.0,
      "evidence": "decisive",
      "delta_bic_pos": 0.0,
      "delta_bic_log": 0.0
    }
  ],
  "best_model": {
    "model": "NGA",
    "bic": -30523.765901508275,
    "delta_bic": 0.0,
    "weight": 1.0,
    "evidence": "weak",
    "delta_bic_pos": 2684.068880043953,
    "delta_bic_log": 3.4289554311302872
  },
  "provenance": {
    "n_rows": 246,
    "jd_min": 2460739.5,
    "jd_max": 2460984.5,
    "r_mean": 40.049042207977365
  },
  "activity_models": {
    "comet_law": -882.9840599771068,
    "jet": NaN,
    "best": "comet_law"
  },
  "best_activity_model": "comet_law"
}